index,HCM2_not under investigation,HCM2_under investigation,main_Main campus,main_branch,HIGHDEG_Associate degree,HIGHDEG_Bachelor&#39;s degree,HIGHDEG_Certificate degree,HIGHDEG_Graduate degree,HIGHDEG_Non-degree-granting,CONTROL_Private Non Profit,CONTROL_Private for profit,CONTROL_Public,region_Far West,region_Great Lakes,region_Mid East,region_New England,region_Outlying Areas,region_Plains,region_Rocky Mountains,region_Southeast,region_Southwest,region_U.S,CURROPER_closed,CURROPER_operating
count,1871.0,1871.0,1871.0,1871.0,1871.0,1871.0,1871.0,1871.0,1871.0,1871.0,1871.0,1871.0,1871.0,1871.0,1871.0,1871.0,1871.0,1871.0,1871.0,1871.0,1871.0,1871.0,1871.0,1871.0
mean,1.0,0.0,0.9882415820416889,0.011758417958311064,0.4917156600748263,0.053981827899518976,0.17530732228754678,0.27899518973810794,0.0,0.0,0.0,1.0,0.13094601817210047,0.1288081239978621,0.13201496525921966,0.05291288081239979,0.012827365045430252,0.09727418492784608,0.042223409941207914,0.2832709780865847,0.11918760021378942,0.0005344735435595938,0.0,1.0
std,0.0,0.0,0.10782565350338312,0.10782565350338309,0.5000650186234663,0.22604225077369675,0.38033140508643054,0.4486250598906348,0.0,0.0,0.0,0.0,0.33743149476885537,0.3350770061676981,0.33859753496594175,0.22391941923364256,0.1125592968835758,0.29640997979036054,0.2011522298658999,0.4507073357151385,0.32409575164014387,0.023118683863048814,0.0,0.0
min,1.0,0.0,0.0,0.0,0.0,0.0,0.0,0.0,0.0,0.0,0.0,1.0,0.0,0.0,0.0,0.0,0.0,0.0,0.0,0.0,0.0,0.0,0.0,1.0
25%,1.0,0.0,1.0,0.0,0.0,0.0,0.0,0.0,0.0,0.0,0.0,1.0,0.0,0.0,0.0,0.0,0.0,0.0,0.0,0.0,0.0,0.0,0.0,1.0
50%,1.0,0.0,1.0,0.0,0.0,0.0,0.0,0.0,0.0,0.0,0.0,1.0,0.0,0.0,0.0,0.0,0.0,0.0,0.0,0.0,0.0,0.0,0.0,1.0
75%,1.0,0.0,1.0,0.0,1.0,0.0,0.0,1.0,0.0,0.0,0.0,1.0,0.0,0.0,0.0,0.0,0.0,0.0,0.0,1.0,0.0,0.0,0.0,1.0
max,1.0,0.0,1.0,1.0,1.0,1.0,1.0,1.0,0.0,0.0,0.0,1.0,1.0,1.0,1.0,1.0,1.0,1.0,1.0,1.0,1.0,1.0,0.0,1.0